{
  "rf_{'max_depth': None, 'min_samples_leaf': 1}": {
    "auc": 0.9144274493592394,
    "accuracy": 0.87,
    "f1": 0.8311688311688312,
    "y_true": [
      1,
      1,
      0,
      0,
      1,
      0,
      0,
      1,
      0,
      0,
      1,
      0,
      1,
      1,
      1,
      0,
      0,
      1,
      1,
      0,
      0,
      0,
      0,
      0,
      0,
      1,
      0,
      0,
      1,
      1,
      0,
      1,
      0,
      1,
      0,
      0,
      0,
      1,
      0,
      0,
      1,
      0,
      0,
      1,
      0,
      0,
      0,
      1,
      0,
      0,
      0,
      0,
      0,
      1,
      1,
      0,
      0,
      0,
      0,
      1,
      1,
      1,
      0,
      1,
      0,
      0,
      0,
      1,
      0,
      0,
      0,
      0,
      0,
      1,
      0,
      1,
      1,
      0,
      1,
      0,
      0,
      1,
      1,
      0,
      0,
      1,
      1,
      0,
      0,
      1,
      0,
      1,
      1,
      1,
      1,
      1,
      0,
      0,
      0,
      1
    ],
    "y_prob": [
      0.4666666666666667,
      0.76,
      0.11,
      0.16333333333333333,
      0.9666666666666667,
      0.08666666666666667,
      0.31666666666666665,
      0.8766666666666667,
      0.19333333333333333,
      0.62,
      0.86,
      0.22666666666666666,
      0.9766666666666667,
      0.6333333333333333,
      0.5766666666666667,
      0.13666666666666666,
      0.21,
      0.6733333333333333,
      0.12,
      0.05333333333333334,
      0.3333333333333333,
      0.23333333333333334,
      0.22,
      0.15666666666666668,
      0.3433333333333333,
      0.54,
      0.24666666666666667,
      0.24,
      0.85,
      0.7833333333333333,
      0.05,
      0.52,
      0.36,
      0.35,
      0.09666666666666666,
      0.15,
      0.0033333333333333335,
      0.5033333333333333,
      0.07,
      0.12,
      0.8566666666666667,
      0.10333333333333333,
      0.38333333333333336,
      0.59,
      0.25666666666666665,
      0.18,
      0.12333333333333334,
      0.6466666666666666,
      0.28,
      0.08333333333333333,
      0.12,
      0.15,
      0.18666666666666668,
      0.55,
      0.9233333333333333,
      0.04666666666666667,
      0.03,
      0.18333333333333332,
      0.06333333333333334,
      0.15666666666666668,
      0.16666666666666666,
      0.31333333333333335,
      0.023333333333333334,
      0.8966666666666666,
      0.33,
      0.4033333333333333,
      0.7033333333333334,
      0.8033333333333333,
      0.043333333333333335,
      0.15333333333333332,
      0.04,
      0.4266666666666667,
      0.55,
      0.9566666666666667,
      0.06,
      0.7566666666666667,
      0.9233333333333333,
      0.23,
      0.65,
      0.18333333333333332,
      0.6033333333333334,
      0.95,
      0.62,
      0.18,
      0.36666666666666664,
      0.6233333333333333,
      0.31,
      0.02,
      0.3,
      0.9433333333333334,
      0.23,
      0.49,
      0.7566666666666667,
      0.23666666666666666,
      0.55,
      0.6966666666666667,
      0.18333333333333332,
      0.4533333333333333,
      0.29333333333333333,
      0.8166666666666667
    ]
  },
  "rf_{'max_depth': 20, 'min_samples_leaf': 1}": {
    "auc": 0.9144274493592394,
    "accuracy": 0.87,
    "f1": 0.8311688311688312,
    "y_true": [
      1,
      1,
      0,
      0,
      1,
      0,
      0,
      1,
      0,
      0,
      1,
      0,
      1,
      1,
      1,
      0,
      0,
      1,
      1,
      0,
      0,
      0,
      0,
      0,
      0,
      1,
      0,
      0,
      1,
      1,
      0,
      1,
      0,
      1,
      0,
      0,
      0,
      1,
      0,
      0,
      1,
      0,
      0,
      1,
      0,
      0,
      0,
      1,
      0,
      0,
      0,
      0,
      0,
      1,
      1,
      0,
      0,
      0,
      0,
      1,
      1,
      1,
      0,
      1,
      0,
      0,
      0,
      1,
      0,
      0,
      0,
      0,
      0,
      1,
      0,
      1,
      1,
      0,
      1,
      0,
      0,
      1,
      1,
      0,
      0,
      1,
      1,
      0,
      0,
      1,
      0,
      1,
      1,
      1,
      1,
      1,
      0,
      0,
      0,
      1
    ],
    "y_prob": [
      0.4666666666666667,
      0.76,
      0.11,
      0.16333333333333333,
      0.9666666666666667,
      0.08666666666666667,
      0.31666666666666665,
      0.8766666666666667,
      0.19333333333333333,
      0.62,
      0.86,
      0.22666666666666666,
      0.9766666666666667,
      0.6333333333333333,
      0.5766666666666667,
      0.13666666666666666,
      0.21,
      0.6733333333333333,
      0.12,
      0.05333333333333334,
      0.3333333333333333,
      0.23333333333333334,
      0.22,
      0.15666666666666668,
      0.3433333333333333,
      0.54,
      0.24666666666666667,
      0.24,
      0.85,
      0.7833333333333333,
      0.05,
      0.52,
      0.36,
      0.35,
      0.09666666666666666,
      0.15,
      0.0033333333333333335,
      0.5033333333333333,
      0.07,
      0.12,
      0.8566666666666667,
      0.10333333333333333,
      0.38333333333333336,
      0.59,
      0.25666666666666665,
      0.18,
      0.12333333333333334,
      0.6466666666666666,
      0.28,
      0.08333333333333333,
      0.12,
      0.15,
      0.18666666666666668,
      0.55,
      0.9233333333333333,
      0.04666666666666667,
      0.03,
      0.18333333333333332,
      0.06333333333333334,
      0.15666666666666668,
      0.16666666666666666,
      0.31333333333333335,
      0.023333333333333334,
      0.8966666666666666,
      0.33,
      0.4033333333333333,
      0.7033333333333334,
      0.8033333333333333,
      0.043333333333333335,
      0.15333333333333332,
      0.04,
      0.4266666666666667,
      0.55,
      0.9566666666666667,
      0.06,
      0.7566666666666667,
      0.9233333333333333,
      0.23,
      0.65,
      0.18333333333333332,
      0.6033333333333334,
      0.95,
      0.62,
      0.18,
      0.36666666666666664,
      0.6233333333333333,
      0.31,
      0.02,
      0.3,
      0.9433333333333334,
      0.23,
      0.49,
      0.7566666666666667,
      0.23666666666666666,
      0.55,
      0.6966666666666667,
      0.18333333333333332,
      0.4533333333333333,
      0.29333333333333333,
      0.8166666666666667
    ]
  },
  "rf_{'max_depth': 10, 'min_samples_leaf': 3}": {
    "auc": 0.9210417527904092,
    "accuracy": 0.85,
    "f1": 0.8,
    "y_true": [
      1,
      1,
      0,
      0,
      1,
      0,
      0,
      1,
      0,
      0,
      1,
      0,
      1,
      1,
      1,
      0,
      0,
      1,
      1,
      0,
      0,
      0,
      0,
      0,
      0,
      1,
      0,
      0,
      1,
      1,
      0,
      1,
      0,
      1,
      0,
      0,
      0,
      1,
      0,
      0,
      1,
      0,
      0,
      1,
      0,
      0,
      0,
      1,
      0,
      0,
      0,
      0,
      0,
      1,
      1,
      0,
      0,
      0,
      0,
      1,
      1,
      1,
      0,
      1,
      0,
      0,
      0,
      1,
      0,
      0,
      0,
      0,
      0,
      1,
      0,
      1,
      1,
      0,
      1,
      0,
      0,
      1,
      1,
      0,
      0,
      1,
      1,
      0,
      0,
      1,
      0,
      1,
      1,
      1,
      1,
      1,
      0,
      0,
      0,
      1
    ],