{
  "logistic": {
    "auc": 0.8879702356345597,
    "accuracy": 0.82,
    "f1": 0.7692307692307693,
    "y_true": [
      1,
      1,
      0,
      0,
      1,
      0,
      0,
      1,
      0,
      0,
      1,
      0,
      1,
      1,
      1,
      0,
      0,
      1,
      1,
      0,
      0,
      0,
      0,
      0,
      0,
      1,
      0,
      0,
      1,
      1,
      0,
      1,
      0,
      1,
      0,
      0,
      0,
      1,
      0,
      0,
      1,
      0,
      0,
      1,
      0,
      0,
      0,
      1,
      0,
      0,
      0,
      0,
      0,
      1,
      1,
      0,
      0,
      0,
      0,
      1,
      1,
      1,
      0,
      1,
      0,
      0,
      0,
      1,
      0,
      0,
      0,
      0,
      0,
      1,
      0,
      1,
      1,
      0,
      1,
      0,
      0,
      1,
      1,
      0,
      0,
      1,
      1,
      0,
      0,
      1,
      0,
      1,
      1,
      1,
      1,
      1,
      0,
      0,
      0,
      1
    ],
    "y_prob": [
      0.08942531383966998,
      0.5189911171876644,
      0.20242757897336083,
      0.7451990847045051,
      0.9998883504933078,
      5.925045570090373e-05,
      0.18290909770605407,
      0.9771727470357853,
      3.471989209960157e-05,
      0.974285011672553,
      0.9999900432141781,
      0.0001242930346281794,
      0.9420989428847144,
      0.9998878055290962,
      0.9919304246652338,
      0.010869093154326236,
      0.0024253646475307514,
      0.49266412158391093,
      0.0019480121317329274,
      1.3301003679568676e-07,
      0.07165037756129798,
      3.382114621403185e-06,
      0.049321266280232916,
      4.2798297108347086e-05,
      0.001073290005242828,
      0.8328395288213822,
      1.0744642581975424e-09,
      0.009506686343283563,
      0.940007273122754,
      0.9999966266033148,
      0.0005086431334587119,
      0.9032250490907497,
      0.07973940098105153,
      0.004984923990699875,
      0.00014444916653869071,
      0.013621509061738401,
      0.0022699882500052393,
      0.2366746973148784,
      0.0004693127463842462,
      0.00018498313238744942,
      0.37727705958260344,
      0.12099417014940708,
      0.06231612517452398,
      0.9913627928221742,
      0.0016529165585529887,
      0.025063706170517893,
      0.06426409712232353,
      0.8920827321335545,
      0.00025190733117714305,
      0.0002713661320889718,
      0.0012517207215206434,
      0.0018898857872733084,
      0.003349189864779056,
      0.5748926340468858,
      0.9947084213559794,
      0.019684160066655944,
      1.1373601476657936e-06,
      0.27470958598661105,
      0.09902768855372264,
      0.03781246966859243,
      0.03176399756429735,
      0.7479774028826617,
      0.00014898050320294527,
      0.999295825302554,
      0.9809171754096484,
      0.5866502388790523,
      0.9226330840704671,
      0.9999623418337056,
      8.96256765049285e-05,
      6.199684191301314e-05,
      9.11555263170876e-08,
      0.2102411325000504,
      0.024447493392126304,
      0.9999158979495473,
      0.0008056315135324177,
      0.9999970834306066,
      0.9993160495275689,
      2.373449411258331e-05,
      0.049432147150066774,
      0.0007937227122758933,
      0.9525222352434369,
      0.9990307908276815,
      0.9803570865085097,
      0.3083590218988564,
      5.714851821797382e-05,
      0.03812654436446703,
      1.7615091128777745e-05,
      1.274213701437568e-05,
      0.0037936729821826786,
      0.9999043927339627,
      0.8057893791937014,
      0.8541357409314311,
      0.9977145178035495,
      0.9957691722321947,
      0.9132006442450917,
      0.996960857086026,
      5.818369554902906e-07,
      3.331009932240995e-05,
      0.08729183965794805,
      0.9925693930564335
    ]
  },
  "rf_baseline": {
    "auc": 0.9144274493592394,
    "accuracy": 0.87,
    "f1": 0.8311688311688312,
    "y_true": [
      1,
      1,
      0,
      0,
      1,
      0,
      0,
      1,
      0,
      0,
      1,
      0,
      1,
      1,
      1,
      0,
      0,
      1,
      1,
      0,
      0,
      0,
      0,
      0,
      0,
      1,
      0,
      0,
      1,
      1,
      0,
      1,
      0,
      1,
      0,
      0,
      0,
      1,
      0,
      0,
      1,
      0,
      0,
      1,
      0,
      0,
      0,
      1,
      0,
      0,
      0,
      0,
      0,
      1,
      1,
      0,
      0,
      0,
      0,
      1,
      1,
      1,
      0,
      1,
      0,
      0,
      0,
      1,
      0,
      0,
      0,
      0,
      0,
      1,
      0,
      1,
      1,
      0,
      1,
      0,
      0,
      1,
      1,
      0,
      0,
      1,
      1,
      0,
      0,
      1,
      0,
      1,
      1,
      1,
      1,
      1,
      0,
      0,
      0,
      1
    ],
    "y_prob": [
      0.4666666666666667,
      0.76,
      0.11,
      0.16333333333333333,
      0.9666666666666667,
      0.08666666666666667,
      0.31666666666666665,
      0.8766666666666667,
      0.19333333333333333,
      0.62,
      0.86,
      0.22666666666666666,
      0.9766666666666667,
      0.6333333333333333,
      0.5766666666666667,
      0.13666666666666666,
      0.21,
      0.6733333333333333,
      0.12,
      0.05333333333333334,
      0.3333333333333333,
      0.23333333333333334,
      0.22,
      0.15666666666666668,
      0.3433333333333333,
      0.54,
      0.24666666666666667,
      0.24,
      0.85,
      0.7833333333333333,
      0.05,
      0.52,
      0.36,
      0.35,
      0.09666666666666666,
      0.15,
      0.0033333333333333335,
      0.5033333333333333,
      0.07,
      0.12,
      0.8566666666666667,
      0.10333333333333333,
      0.38333333333333336,
      0.59,
      0.25666666666666665,
      0.18,
      0.12333333333333334,
      0.6466666666666666,
      0.28,
      0.08333333333333333,
      0.12,
      0.15,
      0.18666666666666668,
      0.55,
      0.9233333333333333,
      0.04666666666666667,
      0.03,
      0.18333333333333332,
      0.06333333333333334,
      0.15666666666666668,
      0.16666666666666666,
      0.31333333333333335,
      0.023333333333333334,
      0.8966666666666666,
      0.33,
      0.4033333333333333,
      0.7033333333333334,
      0.8033333333333333,
      0.043333333333333335,
      0.15333333333333332,
      0.04,
      0.4266666666666667,
      0.55,
      0.9566666666666667,
      0.06,
      0.7566666666666667,
      0.9233333333333333,
      0.23,
      0.65,
      0.18333333333333332,
      0.6033333333333334,
      0.95,
      0.62,
      0.18,
      0.36666666666666664,
      0.6233333333333333,
      0.31,
      0.02,
      0.3,
      0.9433333333333334,
      0.23,
      0.49,
      0.7566666666666667,
      0.23666666666666666,
      0.55,
      0.6966666666666667,
      0.18333333333333332,
      0.4533333333333333,
      0.29333333333333333,
      0.8166666666666667
    ]
  }
}