{
  "ridge": {
    "r2": 0.5125999874620965,
    "rmse": 0.9540542560119601,
    "mae": 0.7516708138951593,
    "y_true": [
      3,
      3,
      1,
      2,
      3,
      1,
      2,
      3,
      1,
      2,
      4,
      1,
      4,
      4,
      4,
      1,
      2,
      4,
      4,
      1,
      1,
      1,
      2,
      1,
      2,
      5,
      1,
      1,
      4,
      5,
      1,
      3,
      2,
      3,
      1,
      1,
      1,
      4,
      1,
      1,
      3,
      1,
      1,
      4,
      1,
      1,
      1,
      4,
      1,
      1,
      1,
      1,
      2,
      5,
      4,
      1,
      1,
      1,
      1,
      3,
      3,
      3,
      1,
      5,
      2,
      2,
      2,
      5,
      1,
      2,
      1,
      2,
      2,
      4,
      1,
      5,
      4,
      2,
      3,
      1,
      2,
      5,
      3,
      1,
      2,
      3,
      3,
      1,
      2,
      5,
      2,
      4,
      4,
      3,
      4,
      4,
      1,
      1,
      1,
      4
    ],
    "y_pred": [
      2.516625073144496,
      3.0776513138067108,
      1.7194231621391873,
      1.9153506904898912,
      4.0575034455461925,
      1.4705783666430265,
      1.505417251822843,
      4.075816178149063,
      1.035134884053913,
      3.4982420658953286,
      4.1861236791737175,
      1.1328729095914103,
      3.735455345257966,
      4.648785366811716,
      2.633382432276941,
      0.5509513677338731,
      2.1011138834711063,
      2.353366820144497,
      1.4649780890462794,
      0.47023359646457386,
      3.0272931467598756,
      0.10904576288327306,
      3.169557071945006,
      1.4119898788099525,
      1.9922667600483948,
      3.418490753527683,
      0.5149380996564463,
      2.524197781604811,
      4.465477432705003,
      5.653584285175295,
      1.830726043666133,
      2.7091562877415276,
      2.7655121360442667,
      2.4004939661619886,
      0.7333853877627701,
      1.438381913515585,
      1.5770962664580999,
      2.344381181984064,
      0.6609352237291557,
      1.3565946835765956,
      2.6979866831739256,
      2.121780113765591,
      2.501307060203202,
      4.0597589452823675,
      1.6382407160965475,
      1.7320326166367384,
      2.495876048311158,
      2.6477123839055823,
      -0.28184695208215826,
      1.0118738780150156,
      1.6105510790774145,
      1.6233721904697278,
      1.6324159268622638,
      4.690785949493915,
      2.9684317063881105,
      1.3250938581271412,
      -0.11469114533281388,
      3.129399073732211,
      2.3331883554532795,
      2.4136891161066236,
      2.230642453779328,
      2.5978949295710985,
      1.0580901032266672,
      4.27027965319378,
      2.6381042787914977,
      2.080703493172127,
      3.8664888405540045,
      4.50315221126647,
      1.292330210147251,
      2.1601358909723443,
      0.07801784660985067,
      2.2210041037510653,
      3.01697526256175,
      3.748227962521955,
      1.384216906601981,
      4.230393006072375,
      4.0698418734034485,
      0.26342961469384374,
      2.1204726555956768,
      1.649174436005043,
      2.818378695828454,
      3.8728209542987475,
      2.68206027513769,
      2.7518964887761554,
      -0.9193258656392231,
      2.4336978512241645,
      1.8123542009611806,
      1.0325850741220013,
      1.8351039908017346,
      4.031482922809026,
      1.927273071315395,
      2.5857212887937204,
      3.201237313810494,
      3.3728780610578433,
      4.6119613651041735,
      3.8632226235476654,
      0.7678232413732811,
      -0.014420078442819229,
      1.862889298574982,
      2.7218029421597056
    ]
  },
  "rf_baseline": {
    "r2": 0.6638059794734492,
    "rmse": 0.7923650253092531,
    "mae": 0.6298333333333334,
    "y_true": [
      3,
      3,
      1,
      2,
      3,
      1,
      2,
      3,
      1,
      2,
      4,
      1,
      4,
      4,
      4,
      1,
      2,
      4,
      4,
      1,
      1,
      1,
      2,
      1,
      2,
      5,
      1,
      1,
      4,
      5,
      1,
      3,
      2,
      3,
      1,
      1,
      1,
      4,
      1,
      1,
      3,
      1,
      1,
      4,
      1,
      1,
      1,
      4,
      1,
      1,
      1,
      1,
      2,
      5,
      4,
      1,
      1,
      1,
      1,
      3,
      3,
      3,
      1,
      5,
      2,
      2,
      2,
      5,
      1,
      2,
      1,
      2,
      2,
      4,
      1,
      5,
      4,
      2,
      3,
      1,
      2,
      5,
      3,
      1,
      2,
      3,
      3,
      1,
      2,
      5,
      2,
      4,
      4,
      3,
      4,
      4,
      1,
      1,
      1,
      4
    ],
    "y_pred": [
      2.6933333333333334,
      3.12,
      1.2,
      1.7,
      4.246666666666667,
      1.5566666666666666,
      2.296666666666667,
      3.87,
      1.7766666666666666,
      3.1333333333333333,
      3.5766666666666667,
      1.9966666666666666,
      3.97,
      3.4,
      3.013333333333333,
      1.4866666666666666,
      2.046666666666667,
      3.506666666666667,
      1.5633333333333332,
      1.2433333333333334,
      2.263333333333333,
      1.5833333333333333,
      2.09,
      1.7433333333333334,
      2.0766666666666667,
      2.85,
      1.7733333333333334,
      1.6033333333333333,
      3.53,
      3.283333333333333,
      1.2233333333333334,
      2.513333333333333,
      2.4066666666666667,
      2.42,
      1.2833333333333334,
      1.5933333333333333,
      1.5533333333333332,
      2.933333333333333,
      1.1533333333333333,
      1.3366666666666667,
      3.5533333333333332,
      1.4233333333333333,
      2.5366666666666666,
      2.75,
      2.0166666666666666,
      1.7,
      1.6033333333333333,
      3.51,
      1.8133333333333332,
      1.4633333333333334,
      1.54,
      1.9666666666666666,
      1.7666666666666666,
      3.1733333333333333,
      3.3966666666666665,
      1.12,
      1.17,
      1.6,
      1.4366666666666668,
      1.85,
      1.7166666666666666,
      2.1533333333333333,
      1.2466666666666666,
      4.11,
      2.0866666666666664,
      2.276666666666667,
      3.296666666666667,
      3.58,
      1.09,
      1.6933333333333334,
      1.2466666666666666,
      2.3866666666666667,
      2.2733333333333334,
      3.68,
      1.3833333333333333,
      4.276666666666666,
      3.75,
      1.9166666666666667,
      3.0166666666666666,
      1.7366666666666666,
      2.3266666666666667,
      4.3133333333333335,
      3.183333333333333,
      1.5133333333333334,
      2.2333333333333334,
      2.716666666666667,
      2.06,
      1.0933333333333333,
      2.236666666666667,
      4.583333333333333,
      1.9266666666666667,
      2.6433333333333335,
      3.3133333333333335,
      1.7366666666666666,
      3.1766666666666667,
      3.466666666666667,
      1.5333333333333334,
      2.5433333333333334,
      2.37,
      3.4766666666666666
    ]
  }
}