{
  "rf_{'max_depth': None, 'min_samples_leaf': 1}": {
    "r2": 0.6638059794734492,
    "rmse": 0.7923650253092531,
    "mae": 0.6298333333333334,
    "y_true": [
      3,
      3,
      1,
      2,
      3,
      1,
      2,
      3,
      1,
      2,
      4,
      1,
      4,
      4,
      4,
      1,
      2,
      4,
      4,
      1,
      1,
      1,
      2,
      1,
      2,
      5,
      1,
      1,
      4,
      5,
      1,
      3,
      2,
      3,
      1,
      1,
      1,
      4,
      1,
      1,
      3,
      1,
      1,
      4,
      1,
      1,
      1,
      4,
      1,
      1,
      1,
      1,
      2,
      5,
      4,
      1,
      1,
      1,
      1,
      3,
      3,
      3,
      1,
      5,
      2,
      2,
      2,
      5,
      1,
      2,
      1,
      2,
      2,
      4,
      1,
      5,
      4,
      2,
      3,
      1,
      2,
      5,
      3,
      1,
      2,
      3,
      3,
      1,
      2,
      5,
      2,
      4,
      4,
      3,
      4,
      4,
      1,
      1,
      1,
      4
    ],
    "y_pred": [
      2.6933333333333334,
      3.12,
      1.2,
      1.7,
      4.246666666666667,
      1.5566666666666666,
      2.296666666666667,
      3.87,
      1.7766666666666666,
      3.1333333333333333,
      3.5766666666666667,
      1.9966666666666666,
      3.97,
      3.4,
      3.013333333333333,
      1.4866666666666666,
      2.046666666666667,
      3.506666666666667,
      1.5633333333333332,
      1.2433333333333334,
      2.263333333333333,
      1.5833333333333333,
      2.09,
      1.7433333333333334,
      2.0766666666666667,
      2.85,
      1.7733333333333334,
      1.6033333333333333,
      3.53,
      3.283333333333333,
      1.2233333333333334,
      2.513333333333333,
      2.4066666666666667,
      2.42,
      1.2833333333333334,
      1.5933333333333333,
      1.5533333333333332,
      2.933333333333333,
      1.1533333333333333,
      1.3366666666666667,
      3.5533333333333332,
      1.4233333333333333,
      2.5366666666666666,
      2.75,
      2.0166666666666666,
      1.7,
      1.6033333333333333,
      3.51,
      1.8133333333333332,
      1.4633333333333334,
      1.54,
      1.9666666666666666,
      1.7666666666666666,
      3.1733333333333333,
      3.3966666666666665,
      1.12,
      1.17,
      1.6,
      1.4366666666666668,
      1.85,
      1.7166666666666666,
      2.1533333333333333,
      1.2466666666666666,
      4.11,
      2.0866666666666664,
      2.276666666666667,
      3.296666666666667,
      3.58,
      1.09,
      1.6933333333333334,
      1.2466666666666666,
      2.3866666666666667,
      2.2733333333333334,
      3.68,
      1.3833333333333333,
      4.276666666666666,
      3.75,
      1.9166666666666667,
      3.0166666666666666,
      1.7366666666666666,
      2.3266666666666667,
      4.3133333333333335,
      3.183333333333333,
      1.5133333333333334,
      2.2333333333333334,
      2.716666666666667,
      2.06,
      1.0933333333333333,
      2.236666666666667,
      4.583333333333333,
      1.9266666666666667,
      2.6433333333333335,
      3.3133333333333335,
      1.7366666666666666,
      3.1766666666666667,
      3.466666666666667,
      1.5333333333333334,
      2.5433333333333334,
      2.37,
      3.4766666666666666
    ]
  },
  "rf_{'max_depth': 20, 'min_samples_leaf': 1}": {
    "r2": 0.6640943626357281,
    "rmse": 0.7920251118353369,
    "mae": 0.6296666666666666,
    "y_true": [
      3,
      3,
      1,
      2,
      3,
      1,
      2,
      3,
      1,
      2,
      4,
      1,
      4,
      4,
      4,
      1,
      2,
      4,
      4,
      1,
      1,
      1,
      2,
      1,
      2,
      5,
      1,
      1,
      4,
      5,
      1,
      3,
      2,
      3,
      1,
      1,
      1,
      4,
      1,
      1,
      3,
      1,
      1,
      4,
      1,
      1,
      1,
      4,
      1,
      1,
      1,
      1,
      2,
      5,
      4,
      1,
      1,
      1,
      1,
      3,
      3,
      3,
      1,
      5,
      2,
      2,
      2,
      5,
      1,
      2,
      1,
      2,
      2,
      4,
      1,
      5,
      4,
      2,
      3,
      1,
      2,
      5,
      3,
      1,
      2,
      3,
      3,
      1,
      2,
      5,
      2,
      4,
      4,
      3,
      4,
      4,
      1,
      1,
      1,
      4
    ],
    "y_pred": [
      2.6966666666666668,
      3.12,
      1.2033333333333334,
      1.7,
      4.246666666666667,
      1.5566666666666666,
      2.2933333333333334,
      3.87,
      1.7733333333333334,
      3.1333333333333333,
      3.5766666666666667,
      1.9966666666666666,
      3.97,
      3.4,
      3.013333333333333,
      1.4866666666666666,
      2.046666666666667,
      3.51,
      1.5666666666666667,
      1.2433333333333334,
      2.263333333333333,
      1.5866666666666667,
      2.09,
      1.7433333333333334,
      2.0766666666666667,
      2.85,
      1.77,
      1.6033333333333333,
      3.53,
      3.2866666666666666,
      1.2233333333333334,
      2.513333333333333,
      2.4066666666666667,
      2.42,
      1.2833333333333334,
      1.5933333333333333,
      1.5533333333333332,
      2.93,
      1.1533333333333333,
      1.3366666666666667,
      3.5533333333333332,
      1.4266666666666667,
      2.5366666666666666,
      2.75,
      2.013333333333333,
      1.7,
      1.6033333333333333,
      3.51,
      1.8133333333333332,
      1.4633333333333334,
      1.54,
      1.97,
      1.7666666666666666,
      3.1733333333333333,
      3.3966666666666665,
      1.1233333333333333,
      1.17,
      1.5966666666666667,
      1.4366666666666668,
      1.85,
      1.7166666666666666,
      2.1533333333333333,
      1.2466666666666666,
      4.11,
      2.0866666666666664,
      2.276666666666667,
      3.296666666666667,
      3.58,
      1.09,
      1.6933333333333334,
      1.25,
      2.3866666666666667,
      2.2733333333333334,
      3.68,
      1.3833333333333333,
      4.276666666666666,
      3.756666666666667,
      1.9166666666666667,
      3.0166666666666666,
      1.7366666666666666,
      2.3233333333333333,
      4.3133333333333335,
      3.1866666666666665,
      1.5133333333333334,
      2.2333333333333334,
      2.716666666666667,
      2.06,
      1.0933333333333333,
      2.236666666666667,
      4.58,
      1.9266666666666667,
      2.6433333333333335,
      3.3133333333333335,
      1.7366666666666666,
      3.1766666666666667,
      3.466666666666667,
      1.5333333333333334,
      2.5366666666666666,
      2.37,
      3.4766666666666666
    ]
  },
  "rf_{'max_depth': 10, 'min_samples_leaf': 3}": {
    "r2": 0.6743949533461561,
    "rmse": 0.7797867815153405,
    "mae": 0.6137633661922478,
    "y_true": [
      3,
      3,
      1,
      2,
      3,
      1,
      2,
      3,
      1,
      2,
      4,
      1,
      4,
      4,
      4,
      1,
      2,
      4,
      4,
      1,
      1,
      1,
      2,
      1,
      2,
      5,
      1,
      1,
      4,
      5,
      1,
      3,
      2,
      3,
      1,
      1,
      1,
      4,
      1,
      1,
      3,
      1,
      1,
      4,
      1,
      1,
      1,
      4,
      1,
      1,
      1,
      1,
      2,
      5,
      4,
      1,
      1,
      1,
      1,
      3,
      3,
      3,
      1,
      5,
      2,
      2,
      2,
      5,
      1,
      2,
      1,
      2,
      2,
      4,
      1,
      5,
      4,
      2,
      3,
      1,
      2,
      5,
      3,
      1,
      2,
      3,
      3,
      1,
      2,
      5,
      2,
      4,
      4,
      3,
      4,
      4,
      1,
      1,
      1,
      4
    ],