{
  "GLOBAL": {
    "M1": {
      "coefficients": {
        "perform_effectively": 0.01020216769155694,
        "succeed": 0.04266391680989234,
        "obtain_outcomes": -0.048309176631811494,
        "achieve_goals": 0.0392506712193921,
        "assess_team_productivity": -0.12842776001998965,
        "satisfied_with_colleagues": -0.05445623740311655,
        "nervous/stressed": 0.28443850981570495,
        "upset_about_something": 0.5405148787301893
      },
      "r2": 0.37453961823484616,
      "rmse": 1.028632010508967,
      "mae": 0.8082345809582523
    },
    "M2": {
      "coefficients": {
        "perform_effectively": 0.014863222222295034,
        "succeed": 0.05956147780062361,
        "obtain_outcomes": -0.02116703802846605,
        "achieve_goals": 0.053629124996186085,
        "assess_team_productivity": -0.12466020182482873,
        "satisfied_with_colleagues": -0.03965589261632176,
        "nervous/stressed": 0.24691158869811822,
        "upset_about_something": 0.47664527986178273,
        "rely_on_supervisor_for_backup": 0.04976945989980294,
        "organization_cares_about_me": -0.17624638341126886,
        "help_available_from_organization": -0.11507788517715302,
        "seek_family_support": 0.18764711094509437,
        "hybrid_experience": 0.020728549246663917,
        "current_in_person": 0.005237579943665384
      },
      "r2": 0.4324248120390821,
      "rmse": 0.9798776077474002,
      "mae": 0.7722535996302637
    },
    "M3": {
      "coefficients": {
        "perform_effectively": 0.050952418492859745,
        "succeed": 0.03866871392013071,
        "obtain_outcomes": 0.021544438631765233,
        "achieve_goals": -0.010822507653602344,
        "assess_team_productivity": -0.12518453509787647,
        "satisfied_with_colleagues": -0.042744053016138144,
        "nervous/stressed": 0.20488536006572053,
        "upset_about_something": 0.40489737355219985,
        "rely_on_supervisor_for_backup": 0.05082333291430602,
        "organization_cares_about_me": -0.19672227490932223,
        "help_available_from_organization": -0.11113614622742181,
        "seek_family_support": 0.15847873997075076,
        "hybrid_experience": 0.016564527315087237,
        "current_in_person": 0.004195739629687972,
        "like_order": -0.03361377400513648,
        "sympathize": -0.044123866547524135,
        "imagination": 0.024477441540592566,
        "relaxed": 0.06722401440716674,
        "easily_upset": 0.1506664001847237,
        "networking": 0.08985175513087115,
        "communication": -0.20045436947397458,
        "get_people_to_like_me": 0.11953089004449498,
        "understand_hidden_agendas": 0.10470233774523983
      },
      "r2": 0.46774125169332326,
      "rmse": 0.9489023814502956,
      "mae": 0.7381334239884179
    },
    "MECHANISMS": {
      "perform_effectively": {
        "coefficients": {
          "rely_on_supervisor_for_backup": 0.04787584882361726,
          "organization_cares_about_me": 0.05242092867088414,
          "help_available_from_organization": 0.029353903338803684,
          "seek_family_support": -0.0916690220564875,
          "hybrid_experience": 0.013069356098048043,
          "current_in_person": 0.0005786804486830434,
          "like_order": 0.04424716046013639,
          "sympathize": 0.09350588564663588,
          "imagination": -0.018305134489681508,
          "relaxed": 0.0825478643883978,
          "easily_upset": -0.04881892966658453,
          "networking": 0.019576660881867654,
          "communication": 0.21213305587119455,
          "get_people_to_like_me": 0.12943027853962236,
          "understand_hidden_agendas": -0.009905556785806657
        },
        "r2": 0.27146535875495514,
        "rmse": 0.7595647451040124,
        "mae": 0.5590472340508063
      },
      "succeed": {
        "coefficients": {
          "rely_on_supervisor_for_backup": 0.03735096765364762,
          "organization_cares_about_me": 0.10260613784866414,
          "help_available_from_organization": 0.027841691569566108,
          "seek_family_support": -0.049047743513001715,
          "hybrid_experience": 0.014888684332460605,
          "current_in_person": -0.0017548904223287753,
          "like_order": 0.01941843404372958,
          "sympathize": 0.0672024115848396,
          "imagination": 0.09304521134282268,
          "relaxed": 0.0283704795581418,
          "easily_upset": -0.02831854910781426,
          "networking": 0.06648579276847533,
          "communication": 0.1838773414662265,
          "get_people_to_like_me": 0.07500121671849865,
          "understand_hidden_agendas": 0.07185581566672239
        },
        "r2": 0.25301916483590614,
        "rmse": 0.8157157937090269,
        "mae": 0.596151448374846
      },
      "obtain_outcomes": {
        "coefficients": {
          "rely_on_supervisor_for_backup": 0.024445819869998706,
          "organization_cares_about_me": 0.15591233635480675,
          "help_available_from_organization": -0.009719221576380629,
          "seek_family_support": -0.063779042040184,
          "hybrid_experience": 0.009703371095050201,
          "current_in_person": -0.00043668040710063033,
          "like_order": -0.0037822610015106465,
          "sympathize": 0.12218396685869318,
          "imagination": 0.0049087260322567315,
          "relaxed": -0.031165212894026472,
          "easily_upset": -0.031127596566249506,
          "networking": 0.005824908792093312,
          "communication": 0.22389262348190728,
          "get_people_to_like_me": 0.03452580378727537,
          "understand_hidden_agendas": 0.08905213449715041
        },
        "r2": 0.23899589382932307,
        "rmse": 0.7904140408292196,
        "mae": 0.5776551791871556
      },
      "achieve_goals": {
        "coefficients": {
          "rely_on_supervisor_for_backup": 0.06057901014301545,
          "organization_cares_about_me": 0.08260794275432216,
          "help_available_from_organization": 0.08695714323543875,
          "seek_family_support": -0.14446714272816086,
          "hybrid_experience": 0.025377162451386926,
          "current_in_person": 0.0005261009505977016,
          "like_order": 0.003118895602872724,
          "sympathize": 0.06808236805209798,
          "imagination": -0.008650191386390362,
          "relaxed": 0.062249089082823415,
          "easily_upset": 0.028305580076002854,
          "networking": 0.16657991187260437,
          "communication": 0.04232075411937166,
          "get_people_to_like_me": 0.11070409379389497,
          "understand_hidden_agendas": 0.07379645813104975
        },
        "r2": 0.2531440474585587,
        "rmse": 0.8337308566287506,
        "mae": 0.5874014451732787
      },
      "assess_team_productivity": {
        "coefficients": {
          "rely_on_supervisor_for_backup": 0.3837780706663189,
          "organization_cares_about_me": 0.22512433390661438,
          "help_available_from_organization": 0.1163332767796817,
          "seek_family_support": 0.08464903261531045,
          "hybrid_experience": 0.037298291861446634,
          "current_in_person": 0.0013164248896810568,
          "like_order": -0.0015838071449797147,
          "sympathize": 0.04514647708431472,
          "imagination": 0.02983861001925547,
          "relaxed": 0.08942882997931875,
          "easily_upset": -0.26047275371791656,
          "networking": 0.0007746708827793575,
          "communication": 0.07497453842741109,
          "get_people_to_like_me": 0.26936464342204824,
          "understand_hidden_agendas": 0.07024951477079894
        },
        "r2": 0.36058995222381784,
        "rmse": 1.2504462332106376,
        "mae": 0.9412912653092756
      },
      "satisfied_with_colleagues": {
        "coefficients": {
          "rely_on_supervisor_for_backup": 0.2227372179696296,
          "organization_cares_about_me": 0.06631833273064587,
          "help_available_from_organization": 0.07503617777526528,
          "seek_family_support": -0.011862723573385405,